{
  "images" : [
    {
      "resizing" : {
        "mode" : "9-part",
        "center" : {
          "mode" : "tile",
          "width" : 1,
          "height" : 1
        },
        "cap-insets" : {
          "bottom" : 7,
          "top" : 7,
          "right" : 7,
          "left" : 7
        }
      },
      "idiom" : "universal",
      "filename" : "btu_blue_d.png",
      "scale" : "1x"
    },
    {
      "resizing" : {
        "mode" : "9-part",
        "center" : {
          "mode" : "tile",
          "width" : 1,
          "height" : 1
        },
        "cap-insets" : {
          "bottom" : 14,
          "top" : 14,
          "right" : 14,
          "left" : 14
        }
      },
      "idiom" : "universal",
      "filename" : "btu_blue_d@2x.png",
      "scale" : "2x"
    },
    {
      "resizing" : {
        "mode" : "9-part",
        "center" : {
          "mode" : "tile",
          "width" : 1,
          "height" : 1
        },
        "cap-insets" : {
          "bottom" : 21,
          "top" : 21,
          "right" : 21,
          "left" : 21
        }
      },
      "idiom" : "universal",
      "filename" : "btu_blue_d@3x.png",
      "scale" : "3x"
    }
  ],
  "info" : {
    "version" : 1,
    "author" : "xcode"
  }
}